x[ft],Altitude[ft],Velocity[ft/s],gamma,W,V_stall,CL,K,T_A,fuel_burn
0.0,127.99999999977388,571.5216676811677,0.14392591071026445,391081.14950998046,254.6744425593652,0.2779926822354323,0.8347500244134509,103781.87323703694,11.329347543422658
2479.0554284834507,487.28456309622715,574.5037246103695,0.14392591071026445,391031.5604972153,256.0032775098046,0.2779926985026194,0.8377132489994837,103401.6537696915,11.357713162994244
4958.110856966887,846.5691261926804,577.5088902828762,0.14392591071026445,390982.10552223463,257.34240518080674,0.2779927044184392,0.8406934765701797,103022.06714267665,11.386229118060674
7437.166285450323,1205.8536892891336,580.5373892311287,0.14392591071026445,390932.7845246671,258.6919309366111,0.27799271155712746,0.8436906621299155,102643.13420466216,11.414896313910107
9916.221713933759,1565.1382523855868,583.589460601901,0.14392591071026445,390883.5974442199,260.05196148406026,0.2779927202006666,0.8467047664938508,102264.87548068751,11.44371589747086
12395.27714241721,1924.42281548204,586.6653464738838,0.14392591071026445,390834.5442206786,261.42260489309234,0.277992730745215,0.8497357431736557,101887.31192296986,11.472689025009977
14874.332570900646,2283.7073785784933,589.765291951931,0.14392591071026445,390785.62479390635,262.80397061759305,0.277992743653254,0.852783538129871,101510.46491648721,11.501816863255863
17353.387999384082,2642.9919416749467,592.8895332160681,0.14392591071026445,390736.8391038432,264.19616951662505,0.27799277070345635,0.8558480765475378,101134.3569952179,11.531100356227515
19832.443427867518,3002.2765047714,596.0383578298823,0.14392591071026445,390688.1870905057,265.59931387603245,0.2779927784810389,0.8589293273793704,100759.00829811534,11.560541397411532
22311.498856350954,3361.5610678678536,599.2119837704331,0.14392591071026445,390639.66869398585,267.0135174304351,0.2779928018589189,0.8620271727544782,100384.44371357614,11.59014047630071
24790.55428483439,3720.845630964307,602.4106806182949,0.14392591071026445,390591.2838544503,268.4388953856178,0.2779928303944939,0.865141538033273,100010.68574572055,11.61989903467438
27269.60971331784,4080.1301940607605,605.634708922719,0.14392591071026445,390543.03251213924,269.87556444132247,0.27799286523232414,0.8682723261381403,99637.75810172962,11.649818286587184
29748.665141801277,4439.414757157214,608.884332250741,0.14392591071026445,390494.91460736515,271.3236428144518,0.2779929078444963,0.8714194301108278,99265.68499329023,11.679899452019242
32227.720570284713,4798.699320253667,612.159817290099,0.14392591071026445,390446.9300805114,272.7832502626933,0.27799295997603096,0.874582732798898,98894.49114289692,11.710143758166307
34706.77599876815,5157.98388335012,615.461433744299,0.14392591071026445,390399.0788720303,274.25450810857257,0.2779930237804656,0.8777621063103703,98524.20180195283,11.740552436749233
37185.831427251585,5517.268446446573,618.7894542977951,0.14392591071026445,390351.3609224413,275.73753926394386,0.2779931018887575,0.8809574115338454,98154.84276476299,11.771126722712037
39664.886855735036,5876.553009543026,622.1441544377886,0.14392591071026445,390303.7761723282,277.23246825492686,0.2779931976047081,0.8841684974988041,97786.44039009359,11.801867850237258
42143.94228421847,6235.837572639479,625.5258254052201,0.14392591071026445,390256.32456233626,278.73942124730115,0.2779933034250024,0.8873952144661177,97419.0209320186,11.832777297209146
44622.99771270191,6595.122135735932,628.9347094066069,0.14392591071026445,390209.00603316847,280.2585260723639,0.27799345865548464,0.8906373456759044,97052.61395688294,11.863855559163408
47102.053141185344,6954.406698832385,632.3711280932259,0.14392591071026445,390161.82052558113,281.78991225326536,0.27799363523436266,0.8938947412986454,96687.24560050273,11.895104579350118
49581.10856966878,7313.691261928838,635.8353539536821,0.14392591071026445,390114.76798037835,283.3337110318271,0.27799385205960053,0.8971671834064718,96322.94533797902,11.926525315691693
52060.16399815223,7672.975825025291,639.3276740063176,0.14392591071026445,390067.8483384055,284.89005539585764,0.2779941183821227,0.9004544521391485,95959.74264441193,11.958118945591934
54539.21942663567,8032.260388121744,642.8483763795039,0.14392591071026445,390021.06154054083,286.4590801069721,0.2779944457219863,0.9037563112009082,95597.66770651734,11.989886612326424
57018.2748551191,8391.544951218197,646.3977498743774,0.14392591071026445,389974.4075276858,288.0409217289287,0.27799484823261894,0.9070725069486765,95236.75145014012,12.021829417271887
59497.33028360254,8750.82951431465,649.9760830206837,0.14392591071026445,389927.88624075265,289.63571865649334,0.2779953434860438,0.9104027669749576,94877.0255903152,12.053948403020106
61976.38571208598,9110.114077411103,653.5836762060326,0.14392591071026445,389881.4976206493,291.24361114484014,0.2779959421099583,0.9137468120041501,94518.52205951772,12.08624477873077
64455.44114056942,9469.398640507556,657.2207754001595,0.14392591071026445,389835.2416082607,292.8647413395022,0.2779967040961624,0.9171042881463242,94161.27613837963,12.118718696123047
66934.49656905286,9828.683203604009,660.8877004956805,0.14392591071026445,389789.11814442615,294.499253306884,0.2779976295130388,0.920474896974848,93805.3203808522,12.151371625096365
69413.5519975363,10187.967766700462,664.5847134549862,0.14392591071026445,389743.1271699105,296.1472930653447,0.27799877051160415,0.9238582612618704,93450.69083179989,12.184203918687418
71892.60742601973,10547.252329796915,668.312080568146,0.14392591071026445,389697.26862536964,297.8090086168654,0.2780001781373263,0.9272539880712994,93097.42405853665,12.217215968797811
74371.66285450317,10906.536892893368,672.0700503992937,0.14392591071026445,389651.5424513068,299.48454997931344,0.2780019206416791,0.9306616464339597,92745.55813499488,12.250407805901
76850.7182829866,11265.82145598982,675.8588733410311,0.14392591071026445,389605.94858801924,301.17406921931456,0.27800406695046653,0.9340807868615888,92395.13173790336,12.283779462660704
79329.77371147004,11625.106019086274,679.6787621853439,0.14392591071026445,389560.48697553144,302.8777204857431,0.278006718929712,0.9375109023043839,92046.18583041303,12.317330263303015
81808.8291399535,11984.390582182727,683.5299218967813,0.14392591071026445,389515.15755351324,304.59566004384897,0.27800998627046525,0.9409514581593192,91698.76228827139,12.351059377009127
84287.88456843693,12343.67514527918,687.4124822494482,0.14392591071026445,389469.9602611774,306.32804631002375,0.27801404077260244,0.944401826861613,91352.90664341435,12.384964613151512
86766.93999692037,12702.959708375633,691.3265686271419,0.14392591071026445,389424.8950371529,308.07503988722823,0.27801905766066304,0.947861358672392,91008.66495962789,12.41904372150568
89245.99542540382,13062.244271472086,695.2722359933109,0.14392591071026445,389379.961819328,309.83680360108383,0.27802526828351476,0.9513293185783412,90666.0864388964,12.453293221361022
91725.05085388725,13421.528834568539,699.2494668103842,0.14392591071026445,389335.1605446547,311.6135025366487,0.2780329601686014,0.9548048868765496,90325.22325376021,12.487708396204695
94204.10628237069,13780.813397664991,703.2581517604234,0.14392591071026445,389290.49114890635,313.40530407587966,0.2780424906424153,0.958287143829904,89986.13102755736,12.52228298611116
96683.16171085412,14140.097960761444,707.2980713658136,0.14392591071026445,389245.95356637676,315.21237793579877,0.27805429925109615,0.9617750563019056,89648.86919662388,12.557008906301876
99162.21713933756,14499.382523857897,711.3688425035215,0.14392591071026445,389201.5477295062,317.0348962073695,0.2780689471716697,0.9652674325590485,89313.50258758246,12.591875355193785
101641.272567821,14858.66708695435,715.4699071626703,0.14392591071026445,389157.2735684173,318.87303339508935,0.27808712241221606,0.9687629192421884,88980.10123365441,12.626868691173703
104120.32799630443,15217.951650050803,719.6005138586011,0.14392591071026445,389113.13101033925,320.7269664573105,0.27810965047153124,0.9722599928778254,88648.74039882554,12.66197219152154
106599.38342478788,15577.236213147256,723.7595751755938,0.14392591071026445,389069.1199788938,322.59687484728664,0.27813759981778274,0.9757568387985944,88319.50482746094,12.697163653706795
109078.43885327132,15936.52077624371,727.9456686372466,0.14392591071026445,389025.24039321125,324.48294055495256,0.27817227425653374,0.9792513682855327,87992.487495088,12.732415560253102
111557.49428175476,16295.805339340162,732.1569410025093,0.14392591071026445,388981.4921668373,326.385348149433,0.27821527895981596,0.9827411495305542,87667.79157887262,12.767693573501937
114036.54971023819,16655.089902436615,736.3909843055876,0.14392591071026445,388937.87520638417,328.3042848222749,0.27826860571836526,0.9862233188638457,87345.53293611215,12.802954586399302
116515.60513872163,17014.37446553307,740.644793279573,0.14392591071026445,388894.3894098705,330.2399404313963,0.2783346543699763,0.9896945724693277,87025.8394510783,12.838146243303319
118994.66056720508,17373.659028629525,744.9144860838765,0.14392591071026445,388851.03466468625,332.19250754573557,0.2784164307833841,0.993150951910695,86708.85759169431,12.87320240748252
121473.71599568852,17732.94359172598,749.1952926153614,0.14392591071026445,388807.8108451077,334.16218149058284,0.2785175400545299,0.9965878809415,86394.74962244942,12.908043353576547
123952.77142417195,18092.228154822435,753.4813061727182,0.14392591071026445,388764.7178092812,336.1491603935685,0.278642355932619,0.9999999990384708,86083.69784884845,12.94257192872728
125441.83159128891,18289.82311940241,746.0453364427482,0.1319270192545142,388740.3181493725,337.5300268022973,0.28656452323346954,0.9400459279403837,86209.06403710773,12.108286714488884
126930.89175840588,18487.418083982382,748.4078139705399,0.1319270192545142,388715.95932457247,338.63616982730775,0.28662765855034206,0.941838346151537,86036.33127756759,12.126290619088484
128419.95192552285,18685.013048562356,750.7714507500648,0.1319270192545142,388691.6413079998,339.7476784624329,0.2866985736171586,0.9436233581487843,85864.53821614703,12.144198802998737
129909.01209263982,18882.60801314233,753.1350425516192,0.1319270192545142,388667.36407069844,340.8645870695722,0.28677817270572953,0.945399981702241,85693.7190423798,12.161992955785179
131398.0722597568,19080.202977722303,755.4972326816296,0.1319270192545142,388643.1275813961,341.9869302833063,0.2868674664006786,0.9471671376206936,85523.91052335569,12.179652580926346
132887.13242687375,19277.797942302277,757.8565681398426,0.1319270192545142,388618.93180623883,343.1147430133707,0.28696752792164276,0.9489237002177626,85355.15009418866,12.197155934404703
134376.1925939907,19475.39290688225,760.2113675641385,0.1319270192545142,388594.7767085009,344.24806044714717,0.28707959242919173,0.9506683925419039,85187.47945365786,12.214477930870917
135865.2527611077,19672.987871462225,762.5598908157218,0.1319270192545142,388570.6622482678,345.3869180521664,0.28720492764997957,0.9523999304064248,85020.9393708564,12.231592910229752
137354.31292822465,19870.5828360422,764.9001783706237,0.1319270192545142,388546.5883820923,346.5313515786291,0.28734495480214894,0.9541168948368449,84855.5740575014,12.248472089693076
138843.37309534164,20068.177800622172,767.2301394465785,0.1319270192545142,388522.55506262346,347.6813970619375,0.28750118141653086,0.9558178089318934,84691.42836954612,12.265085018390984
140332.4332624586,20265.772765202146,769.5474800700451,0.1319270192545142,388498.56223820744,348.83709082524456,0.28767525507160696,0.9575010840818766,84528.54954315619,12.281398463154977
141821.49342957558,20463.36772978212,771.8497812333981,0.1319270192545142,388474.6098524619,349.99846948201525,0.2878689046570338,0.9591650877478721,84366.98478449899,12.297377696729729
143310.55359669254,20660.962694362093,774.1345083465418,0.1319270192545142,388450.69784382475,351.1655699386047,0.28808393388578096,0.9608081546281717,84206.78085409576,12.312986679649383
144799.6137638095,20858.557658942067,776.3989509172945,0.1319270192545142,388426.8261450794,352.3384293968522,0.2883222669917538,0.9624285421209511,84047.9854922409,12.32818713133332
146288.67393092648,21056.15262352204,778.6403001738538,0.1319270192545142,388402.9946828598,353.5170853566926,0.2885858919357723,0.9640244956186198,83890.64520857982,12.342939795603685
147777.73409804344,21253.747588102015,780.855657950039,0.1319270192545142,388379.20337713853,354.70157561878796,0.28887685550627024,0.9655942577602477,83734.80498950396,12.357204603465123
149266.7942651604,21451.34255268199,783.0420654837906,0.1319270192545142,388355.4521407029,355.89193828718027,0.28919724409272746,0.9671360926212721,83580.50754835358,12.370941146040352
150755.85443227738,21648.937517261962,785.1965366346946,0.1319270192545142,388331.7408786254,357.0882117719696,0.2895491617165959,0.9686483122265699,83427.79254625745,12.384109209053257
152244.91459939434,21846.532481841936,787.3161104422753,0.1319270192545142,388308.06948773336,358.29043479201977,0.2899346943062301,0.9701293167844335,83276.69543214454,12.396669602548245
153733.9747665113,22044.12744642191,789.3978161415241,0.1319270192545142,388284.43785608636,359.49864637769525,0.29035593888495004,0.9715775658276762,83127.2484845443,12.408583601823459
155223.03493362828,22241.722411001883,791.4388724293119,0.1319270192545142,388260.8458624679,360.71288587363404,0.2908148605888957,0.9729917291407857,82979.47630283773,12.419816065364426
156712.09510074524,22439.317375581857,793.4365582092199,0.1319270192545142,388237.29337589914,361.9331929415588,0.29131339183794025,0.9743705822627445,82833.39929201761,12.430333369909537
158201.15526786222,22636.91234016183,795.3883278077546,0.1319270192545142,388213.78025518224,363.1596075631332,0.29185335151736364,0.9757130899864888,82689.03131885307,12.440105185039473
159690.21543497918,22834.507304741805,797.2919049157546,0.1319270192545142,388190.3063484801,364.39217004286326,0.2924363799955946,0.977018471003893,82546.37806243806,12.44910589327322
161179.27560209617,23032.10226932178,799.1451883369368,0.1319270192545142,388166.87149293907,365.6309210110519,0.2930640119893054,0.9782861186938755,82405.43969849154,12.457313058247571
162668.33576921312,23229.697233901752,800.9463941353708,0.1319270192545142,388143.4755143595,366.87590142680784,0.2937375755424259,0.9795157009035382,82266.20821550781,12.464709583520348
164157.39593633008,23427.292198481726,802.6940023447164,0.1319270192545142,388120.11822691874,368.12715258111035,0.29445823391240294,0.9807071110083011,82128.66918119254,12.4712828105993
165646.45610344707,23624.8871630617,804.3867999332061,0.1319270192545142,388096.7994329491,369.3847160999351,0.29522695622652584,0.9818604916957695,81992.80133022337,12.477025116883201
167135.51627056403,23822.482127641673,806.0238934188072,0.1319270192545142,388073.5189227719,370.64863394744117,0.29604450971008417,0.9829762357061684,81858.57682870155,12.481934036501206
168624.57643768098,24020.077092221647,807.6046451352379,0.1319270192545142,388050.27647458785,371.9189484292213,0.29691150728592836,0.9840549303564473,81725.96310914081,12.4860111992176
170113.63660479797,24217.67205680162,809.1287584506309,0.1319270192545142,388027.07185442245,373.195702195613,0.2978283450948871,0.9850974131060053,81594.92150454933,12.489263579296065
171602.69677191493,24415.267021381595,810.5961986052225,0.1319270192545142,388003.9048161237,374.4789382450752,0.2987952600567031,0.9861047057726042,81465.40931385418,12.4917022001938
173091.75693903188,24612.86198596157,812.0071812191637,0.1319270192545142,387980.77510140894,375.7686999276254,0.29981233721177225,0.9870779999991055,81337.38035229617,12.493341894773533
174580.81710614887,24810.456950541542,813.3621600110855,0.1319270192545142,387957.68243995577,377.06503094833903,0.3008795171177663,0.9880186428791652,81210.78546779465,12.494201057979653
176069.87727326583,25008.051915121516,814.6617974989273,0.1319270192545142,387934.62654953357,378.3679753709078,0.30199661538707484,0.9889281109896676,81085.57334394444,12.49430114353943
177558.9374403828,25205.64687970149,815.9069385892894,0.1319270192545142,387911.60713616956,379.6775776212592,0.30316333982865573,0.9898079874851295,80961.69118076937,12.493666212580282
179047.99760749977,25403.241844281463,817.0985840325388,0.1319270192545142,387888.6238943443,380.99388249122995,0.3043793075190707,0.9906599399759115,80839.08532155877,12.492322487471235
180537.05777461673,25600.836808861437,818.2378644574861,0.1319270192545142,387865.676507212,382.3169351422964,0.30564406137126277,0.9914856996462686,80717.70181754626,12.490297921722043
182026.1179417337,25798.43177344141,819.3260155866757,0.1319270192545142,387842.76464684005,383.6467811093593,0.3069570858401782,0.9922870419686497,80597.48692526169,12.487621794833188
183515.17810885067,25996.026738021385,820.3643551741071,0.1319270192545142,387819.8879744637,384.9834663045798,0.30831782143226355,0.9930657693160987,80478.38753301527,12.484324339911334
185004.23827596765,26193.62170260136,821.3542620446514,0.1319270192545142,387797.04614075116,386.3270370212671,0.3097256777893421,0.9938236956514093,80360.35151622944,12.48043640925121
186493.2984430846,26391.216667181332,822.2971570550442,0.1319270192545142,387774.23878607544,387.6775399378162,0.3111800455220602,0.9945626330720129,80243.32803150076,12.475989174504663
187982.35861020157,26588.811631761306,823.1944865174476,0.1319270192545142,387751.46554078977,389.0350221216944,0.3126803064124171,0.9952843805098623,80127.26774522084,12.471013869007255
189471.41877731855,26786.40659634128,824.0477068225522,0.1319270192545142,387728.7260255029,390.39953103347403,0.31422584295706485,0.9959907136067719,80012.12302525464,12.465541552449835
190960.4789444355,26984.001560921253,824.8582736385702,0.1319270192545142,387706.01985135267,391.7711145309174,0.31581604468936275,0.9966833780899461,79897.84803874041,12.459602948400404
192449.53911155247,27181.596525501227,825.6276366204721,0.1319270192545142,387683.3466202752,393.1498208731028,0.3174503105013929,0.9973640872182739,79784.39874578173,12.45322836777393
193938.59927866946,27379.1914900812,826.3572066786417,0.1319270192545142,387660.70592526754,394.5356987246014,0.31912807231437146,0.998034499989167,79671.73337871501,12.446447220859403
195427.6594457864,27576.786454661175,827.0483782560074,0.1319270192545142,387638.0973506436,395.92879715969946,0.32084877681319474,0.9986962383240879,79559.8119345481,12.439288361851734
196916.7196129034,27774.38141924115,827.7025437863083,0.1319270192545142,387615.5204722806,397.3291656666667,0.322611872904023,0.9993508986076628,79448.59582624737,12.4317803138136
198405.77978002036,27971.976383821122,828.3209938556063,0.1319270192545142,387592.97485785675,398.73685415207217,0.32441688844088534,0.9999999829463069,79338.04953229488,12.423949778124015
200095.12693873118,28154.822684111175,820.4900195111106,0.10781518428880275,387570.47436813236,400.62654003153517,0.3337804247945982,0.8786527714933117,79385.83240502363,10.857462655447039
201784.474097442,28337.66898440123,821.2237603078049,0.10781518428880275,387548.0036807838,401.94312059536946,0.3353777317151436,0.8792573192406363,79279.78958300261,10.85286389026223
203473.8212561528,28520.515284691282,821.9220412666576,0.10781518428880275,387525.56239947764,403.2660984428203,0.33701575870850153,0.8798550064658651,79174.46591811023,10.84796528838391
205163.16841486358,28703.361584981336,822.5860130204064,0.10781518428880275,387503.15011958755,404.59551443083546,0.33869401445185215,0.8804470813115391,79069.82746189083,10.84278830207234
206852.5155735744,28886.20788527139,823.2167895699027,0.10781518428880275,387480.7664284042,405.9314097372231,0.3404120391006834,0.8810347516557857,78965.84201505655,10.837353686243453
208541.86273228523,29069.054185561443,823.8155085830152,0.10781518428880275,387458.4109053386,407.27382586378684,0.34216935368238793,0.8816192239677704,78862.47796984334,10.831682298695831
210231.20989099605,29251.900485851496,824.3831878677769,0.10781518428880275,387436.08312211744,408.622804639492,0.34396557829898466,0.8822016140465473,78759.70681652913,10.825793218127354
211920.55704970687,29434.74678614155,824.9209312624438,0.10781518428880275,387413.78264297056,409.9783882236618,0.3458002607256069,0.8827830772817061,78657.49939047314,10.819706459289305
213609.90420841766,29617.593086431603,825.4297010453724,0.10781518428880275,387391.50902480975,411.3406191092084,0.34767306543832766,0.8833646667526583,78555.82986580287,10.813439989834047
215299.25136712848,29800.439386721657,825.9104880407822,0.10781518428880275,387369.26181739924,412.70954012589317,0.34958363149098043,0.883947440847845,78454.67266673806,10.807011972605236
216988.59852583928,29983.28568701171,826.3642332147742,0.10781518428880275,387347.0405635173,414.0851944436217,0.3515316377427906,0.8845324149829581,78354.0038024651,10.800439744098988
218677.9456845501,30166.131987301764,826.7918430293204,0.10781518428880275,387324.84479910927,415.46762557577034,0.35351678992441077,0.8851205720878524,78253.80053910837,10.793740024166315
220367.29284326092,30348.978287591817,827.1941738846613,0.10781518428880275,387302.6740534319,416.856877382545,0.3555388339590887,0.8857128537256082,78154.04161651737,10.78692872115665
222056.64000197174,30531.82458788187,827.5720948770753,0.10781518428880275,387280.52784918906,418.25299407437626,0.3575975020972945,0.88631020003756,78054.70611608254,10.78002175845206
223745.98716068253,30714.670888171924,827.9263947580764,0.10781518428880275,387258.4057026593,419.6560202153462,0.3596925927479745,0.8869134924376837,77955.77502453634,10.773033868281194
225435.33431939335,30897.517188461978,828.2578449127541,0.10781518428880275,387236.30712381465,421.0660007266506,0.3618239166609818,0.8875235936356498,77857.23010207963,10.76597942125097
227124.68147810415,31080.36348875203,828.5671846323418,0.10781518428880275,387214.23161643214,422.4829808900962,0.36399130966316917,0.8881413391237591,77759.0540990124,10.758872241442848
228814.02863681497,31263.209789042085,828.8551220341723,0.10781518428880275,387192.1786781968,423.9070063516335,0.36619463204272407,0.8887675383959516,77661.23070413522,10.751725625544976
230503.3757955258,31446.056089332138,829.1223351841811,0.10781518428880275,387170.1478007975,425.33812312492563,0.36843376777924736,0.8894029762583803,77563.74449248292,10.744552364361494
232192.7229542366,31628.90238962219,829.3694728387879,0.10781518428880275,387148.1384700152,426.7763775949543,0.3707086241302806,0.8900484138697851,77466.58088208392,10.737364759126278
233882.0701129474,31811.748689912245,829.5971559186476,0.10781518428880275,387126.15016580455,428.2218165216624,0.3730191305845267,0.8907045902055909,77369.72608078246,10.73017464704161
235571.41727165823,31994.5949902023,829.805978092641,0.10781518428880275,387104.18236236786,429.67448704363545,0.37536523861854676,0.891372222937836,77273.16705031344,10.722993415023543
237260.76443036905,32177.441290492352,829.9965228482628,0.10781518428880275,387082.23452822334,431.1344366818194,0.3777469064709834,0.8920520195483498,77176.8911976888,10.71583222606901
238950.11158907984,32360.287590782405,830.1693079626721,0.10781518428880275,387060.30612626625,432.60171334328055,0.3801641498732865,0.8927446432273853,77080.88727899687,10.708701307788925
240639.45874779066,32543.13389107246,830.3248607874737,0.10781518428880275,387038.3966138244,434.0763653250019,0.38261697414782986,0.8934507601643557,76985.14412230146,10.701610930469004
242328.80590650148,32725.980191362512,830.4636851232566,0.10781518428880275,387016.5054427076,435.5584413177224,0.38510540431327445,0.8941710193463784,76889.65116361498,10.694570983858693
244018.15306521227,32908.826491652566,830.5862508186071,0.10781518428880275,386994.6320592513,437.04799040981453,0.38762949514398126,0.8949060464662781,76794.39860077016,10.687590848399035
245707.5002239231,33091.67279194262,830.693012494333,0.10781518428880275,386972.775904355,438.5450620912068,0.39018931428002385,0.8956564559485819,76699.37706690891,10.680679641373986
247396.84738263392,33274.51909223267,830.784403219004,0.10781518428880275,386950.93641351524,440.04970625734364,0.3927849483825293,0.8964228473575641,76604.57772069599,10.673846139925109
249086.1945413447,33457.365392522726,830.8608381119262,0.10781518428880275,386929.11301685375,441.56197321319326,0.395416500098378,0.8972058079709858,76509.99217342575,10.667098831736915
250775.54170005553,33640.21169281278,830.9227138460953,0.10781518428880275,386907.3051391405,443.081913677294,0.3980840888471957,0.8980059127814861,76415.6124848704,10.660445912758867
252464.88885876635,33823.05799310283,830.9704098419497,0.10781518428880275,386885.5121998123,444.6095787858486,0.4007878500220617,0.8988237255359505,76321.43113226294,10.653895306482104
254154.23601747717,34005.90429339289,831.0042891818102,0.10781518428880275,386863.7336129866,446.14502009686146,0.4035279344407297,0.8996597995863251,76227.44098483726,10.647454679427975
255843.58317618797,34188.75059368294,831.0246990991275,0.10781518428880275,386841.9687874715,447.68828959432,0.4063045082004778,0.9005146784609551,76133.63528617132,10.641131451005817
257532.9303348988,34371.596893972994,831.0319718737185,0.10781518428880275,386820.21712677093,449.2394396924246,0.40911775213640533,0.9013888966768769,76040.00763067314,10.634932808407289
259222.27749360958,34554.44319426305,831.0264256164651,0.10781518428880275,386798.47802908643,450.7985232398631,0.4119678613747994,0.9022829804716167,75946.55194261027,10.628865719915348
260911.6246523204,34737.2894945531,831.0083724519999,0.10781518428880275,386776.75088731456,452.3655935241347,0.4148550374883273,0.9031974531712571,75853.26233567938,10.622937042624221
262600.9718110312,34920.135794843154,830.978077103052,0.10781518428880275,386755.0350890408,453.94070427591885,0.4177795301956004,0.9041328093924709,75760.13377851984,10.617152996016623
264290.31896974205,35102.98209513321,830.9358536726087,0.10781518428880275,386733.33001653,455.5239096734964,0.420741540900234,0.9050895760551231,75667.16051702836,10.611520401853609
265979.66612845287,35285.82839542326,830.881954755365,0.10781518428880275,386711.63504671294,457.115264347217,0.4237413338916545,0.9060682429153953,75574.33786871826,10.60604526954158
267669.01328716363,35468.674695713315,830.8166334785491,0.10781518428880275,386689.9495511698,458.7148233840195,0.42677917472100235,0.907069301723319,75481.66120984941,10.600733591798273
269358.36044587445,35651.52099600337,830.7401389758544,0.10781518428880275,386668.2728961105,460.3226423320001,0.42985533476976967,0.9080932435905748,75389.12604441683,10.595591289051667
271047.7076045853,35834.36729629342,830.652707106896,0.10781518428880275,386646.60444235115,461.93877720503406,0.4329701009788045,0.9091405533214758,75296.72814988146,10.590624093314217
272737.0547632961,36017.213596583475,830.5545619254333,0.10781518428880275,386624.9435452886,463.5632844874504,0.43612377472329317,0.910211710500019,75204.46354902239,10.585837569237155
274426.4019220069,36200.05989687353,830.6285748400634,0.10781518428880275,386603.28955482173,465.2984377894297,0.4393164744767404,0.9110423285446873,75134.165542054,10.583564636192158
276115.74908071774,36382.90619716358,831.2019955080418,0.10781518428880275,386581.6418129543,467.3272961243364,0.44254473499446123,0.9111567740364772,75124.93579351415,10.587977058126251
277805.0962394285,36565.752497453635,831.7659218623922,0.10781518428880275,386559.9996530469,469.3649676443238,0.4458072562870585,0.9112926105072437,75115.90221062848,10.592591727919288
279494.4433981393,36748.59879774369,832.3205687698916,0.10781518428880275,386538.36240567995,471.41149008050326,0.4491041916676438,0.9114501295818092,75107.05920468272,10.597413202455336
281183.79055685014,36931.44509803374,832.8661441985753,0.10781518428880275,386516.7293992551,473.46690131986554,0.4524357009002141,0.911629616078178,75098.40139607935,10.602445928167585
282873.13771556097,37114.291398323796,833.4028472886786,0.10781518428880275,386495.09995999665,475.5312394058804,0.4558019524528029,0.9118313469916772,75089.92363957287,10.607694218332528
283499.7653576909,37090.873699199656,803.1840530358965,-0.03735361325364414,386493.6743371373,476.48332840230876,0.4927121830876531,0.15932503485399568,75627.87747804959,1.8258571794155523
284126.39299982094,37067.456000075515,803.0308986747244,-0.03735361325364414,386492.2489779022,476.2153268243293,0.4923458267837766,0.1592771960046267,75630.91829002908,1.8251734890212428
284753.0206419509,37044.038300951375,802.8772014340758,-0.03735361325364414,386490.82387905545,475.94747554460355,0.4919804430845958,0.1592296528433777,75633.97306795497,1.8244928320459413
285379.6482840809,37020.620601827235,802.7229585608497,-0.03735361325364414,386489.39903736743,475.6797744771037,0.49161603399226395,0.15918240416667592,75637.04190046573,1.8238151923358792
286006.27592621086,36997.202902703095,802.5681672969304,-0.03735361325364414,386487.97444961505,475.41222353585704,0.49125260151364947,0.15913544876623248,75640.12487664979,1.8231405536845866
286632.9035683408,36973.785203578955,802.4128248502072,-0.03735361325364414,386486.5501125817,475.14482263494665,0.4908901476958526,0.15908878542550095,75643.22208662593,1.8224688997667866
287259.5312104708,36950.367504454814,802.2569284215817,-0.03735361325364414,386485.1260230571,474.8775716885103,0.4905286745931376,0.1590424129229186,75646.33362100991,1.8218002141994758
287886.1588526008,36926.949805330674,802.1004752421999,-0.03735361325364414,386483.7021778376,474.6104706107411,0.49016818422148034,0.15899633003639546,75649.4595701727,1.821134480626186
288512.7864947308,36903.532106206534,801.9434635251902,-0.03735361325364414,386482.278573726,474.3435193158874,0.4898086773961431,0.15895053565876124,75652.6000051935,1.8204716848771327
289139.41413686075,36880.114407082394,801.7858893235724,-0.03735361325364414,386480.8552075317,474.07671771825244,0.4894501575711397,0.15890502841655332,75655.75504070327,1.8198118078354648
289766.0417789907,36856.696707958254,801.6277497882022,-0.03735361325364414,386479.4320760707,473.81006573219463,0.48909262685674504,0.15885980706516978,75658.92476978032,1.8191548328343792
290392.6694211207,36833.27900883411,801.469042053795,-0.03735361325364414,386478.00917616545,473.54356327212764,0.48873608738177077,0.15881487035373315,75662.10928619973,1.81850074312718
291019.2970632507,36809.86130970997,801.3097632458264,-0.03735361325364414,386476.58650464524,473.2772102525197,0.48838054128517755,0.1587702170258976,75665.30868429864,1.8178495219026622
291645.9247053807,36786.44361058583,801.1499104703782,-0.03735361325364414,386475.16405834595,473.01100658789466,0.4880259907284979,0.15872584581858637,75668.52305918366,1.8172011522617992
292272.55234751065,36763.02591146169,800.9894808238031,-0.03735361325364414,386473.7418341102,472.7449521928306,0.48767243788408254,0.15868175546313365,75671.75250654062,1.8165556172393922
292899.1799896406,36739.60821233755,800.8284561795236,-0.03735361325364414,386472.31982878724,472.47904698196146,0.48731990345021664,0.1586379428367932,75674.99742937557,1.815912865307215
293525.8076317706,36716.19051321341,800.6668640286672,-0.03735361325364414,386470.8980392332,472.21329086997525,0.48696835259608795,0.15859441035467572,75678.25731164528,1.81527294833767
294152.43527390057,36692.77281408927,800.5046862188946,-0.03735361325364414,386469.4764623109,471.9476837716155,0.4866178060591804,0.15855115488234028,75681.53255732785,1.8146358146492425
294779.0629160306,36669.35511496513,800.3419197849526,-0.03735361325364414,386468.05509489,471.68222560168033,0.4862682660831598,0.1585081751257093,75684.82326491947,1.8140014469578576
295405.69055816054,36645.93741584099,800.178561761588,-0.03735361325364414,386466.63393384713,471.41691627502274,0.4859197349108921,0.15846546978614806,75688.1295333172,1.8133698279339487
296032.3182002905,36622.51971671685,800.0146091692078,-0.03735361325364414,386465.21297606564,471.15175570655055,0.4855722148019353,0.15842303755869253,75691.45146211225,1.8127409401696852
296658.9458424205,36599.10201759271,799.8500590071026,-0.03735361325364414,386463.79221843585,470.8867438112266,0.48522570804080284,0.1583808771311937,75694.78915173131,1.8121147661633379
297285.57348455046,36575.68431846857,799.6849082726429,-0.03735361325364414,386462.371657855,470.62188050406826,0.48488021691370226,0.1583389871866225,75698.14270305132,1.811491288362512
297912.2011266805,36552.26661934443,799.5191539391698,-0.03735361325364414,386460.95129122736,470.3571657001476,0.48453574373541575,0.15829736640034964,75701.51221785191,1.8108704891137803
298538.82876881043,36528.84892022029,799.3527929753856,-0.03735361325364414,386459.53111546417,470.0925993145917,0.4841922908258219,0.1582560134424758,75704.89779842558,1.8102523507063586
299165.4564109404,36505.43122109615,799.1858223358685,-0.03735361325364414,386458.1111274837,469.82818126258223,0.48384986052145446,0.15821492697664555,75708.29954777414,1.8096368553503237
299792.0840530704,36482.01352197201,799.0182389554441,-0.03735361325364414,386456.6913242113,469.5639114593554,0.4835084551823607,0.1581741056593334,75711.71756972765,1.8090239851636334
300418.71169520036,36458.59582284787,798.8500397729398,-0.03735361325364414,386455.27170257946,469.29978982020236,0.4831680771633965,0.15813354814270558,75715.1519684639,1.808413722225623
301045.33933733037,36435.17812372373,798.6812216779572,-0.03735361325364414,386453.85225952766,469.0358162604687,0.4828287288786831,0.15809325306810654,75718.60284959906,1.8078060484562568
301671.9669794603,36411.76042459959,798.5117810676763,-0.03735361325364414,386452.43299200275,468.7719906955548,0.48249041333714293,0.15805321901199113,75722.07032927072,1.8072009446128596
302298.5946215903,36388.34272547545,798.3417155383048,-0.03735361325364414,386451.0138969586,468.50831304091514,0.4821531320980666,0.15801344469208106,75725.55449952454,1.8065983941181576
302925.2222637203,36364.92502635131,798.171031227604,-0.03735361325364414,386449.59497135645,468.2447832120594,0.48181687641007503,0.15797392986315223,75729.05527749717,1.8059983996720987
303551.84990585025,36341.50732722717,797.9996976979731,-0.03735361325364414,386448.1762121647,467.98140112455155,0.48148168167954886,0.15793466981369186,75732.57333135384,1.805400881167503
304178.47754798026,36318.08962810303,797.8277390351863,-0.03735361325364414,386446.75761635904,467.7181666940097,0.48114751748660306,0.15789566647782396,75736.10821079787,1.8048058818164503
304805.1051901102,36294.67192897889,797.655142573951,-0.03735361325364414,386445.33918092254,467.4550798361074,0.4808143977803376,0.1578569173018355,75739.66022021593,1.8042133616262888
305431.7328322402,36271.25422985475,797.4819050064643,-0.03735361325364414,386443.9209028457,467.19214046657163,0.4804823252123621,0.15781842086836476,75743.22947243537,1.8036233017276608
306058.3604743702,36247.83653073061,797.3080234765878,-0.03735361325364414,386442.5027791262,466.92934850118445,0.48015130189022076,0.15778017581014303,75746.8160714378,1.8030356842227175
306684.98811650014,36224.41883160647,797.1334948046377,-0.03735361325364414,386441.08480676945,466.66670385578203,0.47982133031201535,0.15774218071533033,75750.42012832609,1.8024504904314391
307311.61575863016,36201.00113248233,796.9583157992294,-0.03735361325364414,386439.66698278807,466.40420644625516,0.4794924129903421,0.15770443416554422,75754.04175491445,1.8018677015968123
307938.2434007601,36177.58343335819,796.7824832394948,-0.03735361325364414,386438.24930420227,466.14185618854896,0.4791645524737434,0.15766693473365787,75757.68106410085,1.8012872988443973
308564.87104289007,36154.16573423405,796.6059939278239,-0.03735361325364414,386436.8317680398,465.8796529986628,0.4788377512833205,0.15762968099021846,75761.33816877988,1.8007092633013342
309191.4986850201,36130.74803510991,796.505243431547,-0.03735361325364414,386435.41437133256,465.66227555228903,0.478512039922793,0.15757330251332055,75774.3274369318,1.8003062711883084
309818.12632715004,36107.33033598577,796.4124174539583,-0.03735361325364414,386433.9971111022,465.4500669418737,0.47818746140081464,0.15751501611080507,75788.37995083677,1.7999250178010155
310444.75396928005,36083.91263686163,796.3189164223456,-0.03735361325364414,386432.5799843734,465.2379996926391,0.4778640179469555,0.1574570009398426,75802.44765586358,1.7995460511899637
311071.38161141,36060.49493773749,796.2247373113481,-0.03735361325364414,386431.16298818047,465.0260736787902,0.4775417114300983,0.15739925530376145,75816.530647955,1.799169351473571
311698.00925353996,36037.07723861335,796.1298770869827,-0.03735361325364414,386429.74611956713,464.8142887746752,0.47722054373085593,0.15734177750228434,75830.6290236291,1.7987948987093403
312324.63689567,36013.65953948921,796.0343327018525,-0.03735361325364414,386428.3293755869,464.6026448547867,0.47690051674737954,0.15728456583092648,75844.74288008317,1.798422672882886
312951.2645377999,35990.241840365066,795.9381011055661,-0.03735361325364414,386426.9127533028,464.391141793761,0.47658163238292983,0.15722761858225542,75858.87231498038,1.7980526539313415
313577.89217992994,35966.824141240926,795.8411792470718,-0.03735361325364414,386425.49624978745,464.1797794663777,0.4762638925431673,0.15717093404615953,75873.0174264047,1.7976848217484744
314204.5198220599,35943.406442116786,795.7435640656182,-0.03735361325364414,386424.07986212336,463.96855774755966,0.475947299147057,0.15711451050873038,75887.17831305249,1.7973191561641435
360344.03900035145,35968.1779612309,808.4378109399763,0.0005368828539004129,386192.2511000672,464.2137366436395,0.46160528875573376,0.35287950009706165,75620.25201761414,4.060780993375164
406483.55817864276,35992.94948034501,808.4175664582814,0.0005368828539004129,385960.5623780183,464.2971053204604,0.46179423182445867,0.35273657007360204,75607.85748033383,4.058226980422868
452623.0773569341,36017.72099945912,808.3972077609832,0.0005368828539004129,385729.01354337967,464.38053919122075,0.461983483279134,0.352593787947448,75595.46436534436,4.055675190278802
498762.59653522586,36042.49251857323,808.3767350110003,0.0005368828539004129,385497.6044436239,464.4640382672931,0.4621730432224841,0.35245115379022723,75583.07266912152,4.0531256233786355
544902.1157135172,36067.26403768734,808.3561483738666,0.0005368828539004129,385266.33492629323,464.5476025599918,0.46236291175437866,0.35230866767392827,75570.68238809574,4.050578280165076
591041.6348918085,36092.03555680145,808.3354480086787,0.0005368828539004129,385035.2048389994,464.63123208057107,0.46255308898218334,0.35216632966851336,75558.29351882542,4.048033161042519
637181.1540701,36116.80707591556,808.3146340793081,0.0005368828539004129,384804.2140294239,464.7149268402272,0.46274357500793983,0.3520241398448767,75545.90605778224,4.045490266433277
683320.6732483914,36141.57859502967,808.2937067457204,0.0005368828539004129,384573.36234531825,464.79868685009717,0.4629343699382961,0.3518820982725556,75533.52000151726,4.042949596734072
729460.1924266827,36166.35011414378,808.3262627150837,0.0005368828539004129,384342.6496344979,464.9133309066046,0.46312545880545547,0.3517099977232404,75527.62143032382,4.04067907250232
775599.7116049742,36191.12163325789,808.3963355703796,0.0005368828539004129,384112.07574475976,465.0496603551683,0.4633167767303902,0.3515168558912185,75526.2799254505,4.038598446310817
821739.2307832655,36215.893152372,808.4662895659296,0.0005368828539004129,383881.64052396425,465.18602933423773,0.4635083160539648,0.35132388946916826,75524.9413580737,4.036519469683174
867878.7499615571,36240.66467148611,808.5361249880557,0.0005368828539004129,383651.343820133,465.3224378136794,0.46370007653774314,0.35113109839481865,75523.60571934722,4.034442142929181
914018.2691398484,36265.43619060022,808.6058421198863,0.0005368828539004129,383421.18548145215,465.4588857632836,0.46389205794662736,0.35093848260448574,75522.27300050236,4.032366466334779
960157.7883181397,36290.207709714334,808.6754412436788,0.0005368828539004129,383191.16535627237,465.59537315276526,0.464084260046198,0.3507460420336879,75520.94319280336,4.030292440173722
1006297.3074964313,36314.979228828444,808.7449226435442,0.0005368828539004129,382961.283293109,465.7318999517635,0.46427668259958454,0.35055377661786097,75519.61628749548,4.028220064721163
1052436.8266747226,36339.750747942555,808.8142865987655,0.0005368828539004129,382731.5391406419,465.8684661298415,0.46446932537513336,0.3503616862906119,75518.29227593225,4.026149340220421
1098576.3458530142,36364.522267056665,808.8835333919377,0.0005368828539004129,382501.93274771585,466.0050716564868,0.4646621881370645,0.3501697709858535,75516.97114942028,4.0240802669235585
1144715.8650313055,36389.293786170776,808.9526633010123,0.0005368828539004129,382272.46396334027,466.1417165011113,0.46485527065460563,0.34997803063572475,75515.65289937073,4.0220128450518
1190855.3842095968,36414.06530528489,809.0216766079448,0.0005368828539004129,382043.13263668946,466.27840063305115,0.4650485726920574,0.3497864651728564,75514.33751713442,4.019947074838612
1236994.9033878883,36438.836824399,809.0905735865535,0.0005368828539004129,381813.9386171027,466.4151240215672,0.46524209402274747,0.34959507452719996,75513.02499423326,4.0178829564693626
1283134.4225661797,36463.60834351311,809.1593545177619,0.0005368828539004129,381584.8817540841,466.55188663584426,0.46543583441150865,0.3494038586300139,75511.71532206952,4.015820490157125
1329273.9417444712,36488.37986262722,809.2280196779658,0.0005368828539004129,381355.96189730294,466.6886884449924,0.46562979362805146,0.34921281741082716,75510.40849214757,4.013759676084893
1375413.4609227625,36513.15138174133,809.2965693398919,0.0005368828539004129,381127.17889659357,466.8255294180452,0.4658239714459805,0.34902195079766896,75509.10449605728,4.011700514409934
1421552.9801010538,36537.92290085544,809.3650037815942,0.0005368828539004129,380898.53260195546,466.96240952396175,0.4660183676324426,0.34883125871941656,75507.80332530274,4.009643005308432
1467692.4992793454,36562.69441996955,809.4333232758377,0.0005368828539004129,380670.02286355325,467.09932873162506,0.4662129819603416,0.34864074110303134,75506.50497150426,4.007587148922887
1513832.0184576367,36587.46593908366,809.5015281181679,0.0005368828539004129,380441.6495317169,467.23628700984335,0.4664078141760043,0.34845039788085874,75505.20942586492,4.005532945501085
1559971.5376359283,36612.23745819777,809.5696185777763,0.0005368828539004129,380213.4124569416,467.3732843273488,0.46660286405576973,0.3482602289778533,75503.9166801043,4.003480395152833
1606111.0568142196,36637.00897731188,809.63759490762,0.0005368828539004129,379985.311489888,467.5103206527991,0.4667981313943719,0.34807023431423023,75502.62672626521,4.001429497900374
1652250.5759925111,36661.78049642599,809.7054573811686,0.0005368828539004129,379757.34648138215,467.647395954776,0.46699361596258054,0.3478804138150102,75501.33955601607,3.9993802538601524
1698390.0951708024,36686.5520155401,809.7732062669738,0.0005368828539004129,379529.51728241553,467.7845102017864,0.4671893175365046,0.347690767403415,75500.0551611338,3.9973326631170174
1744529.6143490938,36711.32353465421,809.8408418337962,0.0005368828539004129,379301.82374414516,467.92166336226217,0.46738523589168174,0.3475012950021999,75498.77353340645,3.9952867257495983
1790669.133527385,36736.095053768324,809.9083643517073,0.0005368828539004129,379074.26571789366,468.05885540455955,0.46758137080180284,0.34731199653394207,75497.49466461224,3.9932424418357666
1836808.6527056766,36760.866572882434,809.9757740873362,0.0005368828539004129,378846.84305514925,468.19608629696,0.4677777220441999,0.3471228719198123,75496.21854660967,3.9911998114292206
1882948.1718839682,36785.638091996545,810.0430713075777,0.0005368828539004129,378619.55560756585,468.33335600767015,0.46797428939556607,0.34693392108053805,75494.94517126704,3.9891588345778164
1929087.6910622595,36810.409611110656,810.1102562785243,0.0005368828539004129,378392.4032269631,468.47066450482095,0.46817107263318625,0.3467451439361302,75493.67453048275,3.987119511318341
1975227.2102405508,36835.181130224766,810.1773292643667,0.0005368828539004129,378165.3857653265,468.6080117564691,0.4683680715362105,0.3465565404056027,75492.4066162058,3.985081841671131
2021366.7294188421,36859.95264933888,810.2442905316817,0.0005368828539004129,377938.5030748072,468.7453977305959,0.46856528588069507,0.3463681104080804,75491.14142035486,3.9830458256612102
2067506.2485971337,36884.72416845299,810.311140342853,0.0005368828539004129,377711.7550077223,468.8828223951078,0.4687627154472089,0.34617985386110595,75489.87893494252,3.9810114632859523
2113645.767775425,36909.4956875671,810.3778789609648,0.0005368828539004129,377485.1414165549,469.0202857178366,0.4689603600151769,0.34599177068190423,75488.61915198265,3.978978754539197
2159785.2869537165,36934.26720668121,810.444506647632,0.0005368828539004129,377258.66215395404,469.15778766653875,0.4691582193653864,0.3458038607868268,75487.36206353133,3.976947699400614
2205924.806132008,36959.03872579532,810.5110236641511,0.0005368828539004129,377032.31707273464,469.2953282088969,0.4693562932786602,0.3456161240916503,75486.10766166507,3.974918297841395
2252064.325310299,36983.81024490943,810.5774302716247,0.0005368828539004129,376806.1060258778,469.43290731251756,0.46955458153570606,0.34542856051161147,75484.85593847845,3.972890549824893
2298203.844488591,37008.58176402354,810.6437267291501,0.0005368828539004129,376580.0288665307,469.5705249449339,0.4697530839192193,0.34524116996094434,75483.60688611808,3.970864455297775
2344343.3636668823,37033.35328313765,810.709913296852,0.0005368828539004129,376354.0854480066,469.7081810736036,0.46995180021036587,0.345053952353662,75482.3604967255,3.968840014204922
2390482.8828451736,37058.12480225176,810.7759902300978,0.0005368828539004129,376128.275623785,469.8458756659099,0.47015073019548903,0.34486690760207545,75481.11676254592,3.96681722646113
2436622.402023465,37082.89632136587,810.8419577906469,0.0005368828539004129,375902.5992475116,469.98360868916154,0.470349873653183,0.34468003561965443,75479.8756757184,3.9647960920057352
2482761.921201756,37107.66784047998,810.9078162300328,0.0005368828539004129,375677.05617299845,470.1213801105923,0.47054923037356194,0.34449333631677326,75478.63722858841,3.9627766107213183
2528901.440380048,37132.43935959409,810.9735658079206,0.0005368828539004129,375451.6462542238,470.25918989736226,0.47074880013697007,0.3443068096054137,75477.4014133624,3.9607587825235457
2575040.9595583393,37157.2108787082,811.0392067774318,0.0005368828539004129,375226.3693453322,470.3970380165563,0.47094858273100415,0.3441204553954122,75476.16822238377,3.95874260728944
2621180.4787366306,37181.982397822314,811.1047393932104,0.0005368828539004129,375001.22530063475,470.53492443518485,0.471148577941155,0.3439342735965256,75474.93764798115,3.956728084896844
2626635.88000797,36812.81353982562,783.8120571259559,-0.06756732902531512,375001.00039448316,465.8610361734615,0.49455765981518435,0.0025977986748067,76037.661115843,0.029496686178161542
2632091.2812793097,36443.644681828926,780.1298825415734,-0.06756732902531512,375000.8121196675,461.7605438010911,0.4904873939724489,0.0021596285521749744,76121.28863288985,0.024479196790407616
2637546.682550649,36074.47582383223,776.4938547291564,-0.06756732902531512,375000.655722859,457.8575459068417,0.48675760093036186,0.0017803059624411771,76245.93601510758,0.020158915587688474
2643002.0838219887,35705.30696583554,773.6550580016482,-0.06756732902531512,375000.5267890054,454.59905806806694,0.4833818731541989,0.0014541846996650744,76505.43252505944,0.01649699342296554
2648457.4850933277,35336.138107838844,770.5769304750888,-0.06756732902531512,375000.4212443251,451.374444719458,0.480363459713994,0.0011793831206072347,76772.04104334975,0.013403020868460784
2653912.886364667,34966.96924984215,767.2617529318238,-0.06756732902531512,375000.33542771626,448.1832409902147,0.4776966129487916,0.0009500329918589005,77046.05820438323,0.010814338110185708
2659368.2876360067,34597.800391845456,763.717080992062,-0.06756732902531512,375000.2660953543,445.02499013987006,0.47537006101102375,0.0007604338036738259,77327.66781671233,0.008669402836080071
2664823.688907346,34228.63153384876,759.9558989157485,-0.06756732902531512,375000.21040986397,441.89924338419996,0.4733667735560749,0.0006051451141629183,77616.9210644786,0.006908917991637547
2670279.0901786857,33859.46267585207,755.9962009844601,-0.06756732902531512,375000.1659221323,438.8055597210787,0.4716643504954921,0.0004790761612128108,77913.72886088003,0.005476942059404896
2675734.4914500252,33490.293817855374,751.8600309411246,-0.06756732902531512,375000.13054618123,435.74350575661794,0.4702360120037787,0.00037756284669829173,78217.86826649237,0.004321863914092728
2681189.8927213647,33121.12495985868,747.5721220239542,-0.06756732902531512,375000.10252827534,432.71265553234343,0.4690520462039131,0.00029642352483137566,78529.00214044243,0.0033971378641632303
2686645.293992704,32751.956101861982,743.1583683036104,-0.06756732902531512,375000.08041203074,429.71259035446036,0.46808146849400734,0.00023198840213546867,78846.70824672453,0.0026617129372982604
2692100.6952640433,32382.78724386529,738.64434243969,-0.06756732902531512,375000.0630015824,426.742898626368,0.4672936610968326,0.00018110174740749998,79170.51328748505,0.002080141829524016
2697556.096535383,32013.618385868594,734.0541623149944,-0.06756732902531512,375000.0493248252,423.80317568549106,0.466659635907541,0.00014110021141796984,79499.92332115851,0.0016224040339112486
2703011.4978067223,31644.4495278719,729.4096255879459,-0.06756732902531512,375000.03859842307,420.8930236452567,0.46615302844436135,0.00010977319895651563,79834.4517650981,0.0012635097492105659
2708466.899078062,31275.280669875207,724.7297256045443,-0.06756732902531512,375000.0301958002,418.01205124272997,0.46575067330121644,8.531226594712771e-05,80173.6402021459,0.000982965144318083
2713922.3003494013,30906.111811878513,720.0306616666512,-0.06756732902531512,375000.02361881675,415.15987369210734,0.46543259726798614,6.625597251333123e-05,80517.06634874246,0.0007641743025867593
2719377.701620741,30536.94295388182,715.3258038796941,-0.06756732902531512,375000.0184733844,412.3361125439997,0.4651821019742758,5.143518889642637e-05,80864.35423743367,0.0005938369745052121
2724833.1028920803,30167.774095885125,710.6260219270638,-0.06756732902531512,375000.01444893697,409.5403955502658,0.4649853963431266,3.9922284572188474e-05,81215.17285317474,0.00046138381889004393
2730288.50416342,29798.60523788843,705.9399812290137,-0.06756732902531512,375000.01130145765,406.77235653403073,0.4648312746424378,3.098603973654996e-05,81569.23480316138,0.00035847187602376906
2735743.905434759,29429.436379891737,701.2745250156082,-0.06756732902531512,375000.00883964583,404.0316352644947,0.46471067916306724,2.4053001354573664e-05,81926.29087629984,0.0002785501004427767
2741199.3067060984,29060.267521895043,696.6349194807058,-0.06756732902531512,375000.00691377086,401.3178773361211,0.46461643536945557,1.8675206233465808e-05,82286.12794487788,0.0002164951538600992
2746654.707977438,28691.09866389835,692.0252115839363,-0.06756732902531512,375000.00540676963,398.630734051829,0.46454282943116065,1.4503756042244668e-05,82648.56171218805,0.00016831242178301373
2752110.1092487774,28321.929805901655,687.4484452674795,-0.06756732902531512,375000.0042271848,395.9698623098424,0.46448536265375223,1.1267499679731513e-05,83013.43318622163,0.0001308942652605631
2757565.510520117,27952.76094790496,682.906874520658,-0.06756732902531512,375000.0033035923,393.3349244939012,0.46444050155360184,8.756034491546989e-06,83380.60431727255,0.00010182690205631324
2763020.9117914564,27583.592089908267,678.402132525095,-0.06756732902531512,375000.00258022157,390.7255883665758,0.464405478572508,6.806267512583774e-06,83749.95439040745,7.923749561282007e-05
2768476.313062796,27214.423231911573,673.9353634447803,-0.06756732902531512,375000.0020135223,388.1415269654632,0.4643781364182067,5.2918606103991915e-06,84121.37713706247,6.167389686972687e-05
2773931.7143341354,26845.25437391488,669.5073470885909,-0.06756732902531512,375000.0015694802,385.58241850208367,0.46435677598598,4.114981391611819e-06,84494.77754034734,4.801054540593417e-05
2779387.1156054744,26476.085515918185,665.1185629186635,-0.06756732902531512,375000.0012215201,383.04794626331636,0.4643400827368256,3.1998792706758696e-06,84870.07056967095,3.737510961683712e-05
2784842.516876814,26106.91665792149,660.769267458395,-0.06756732902531512,375000.0009488704,380.53779851523956,0.4643270311095268,2.487896510618728e-06,85247.17906493448,2.9091457013485503e-05
2790297.9181481535,25737.747799924797,656.459546137842,-0.06756732902531512,375000.0007352876,378.0516684092643,0.4643168210973,1.9336008084987482e-06,85626.03235997404,2.2635402105976523e-05
2795753.319419493,25368.578941928103,652.1893530582064,-0.06756732902531512,375000.00056806265,375.589253890453,0.46430882933722833,1.5017912664791147e-06,86006.5651953334,1.7600415948478268e-05
2801208.7206908325,24999.41008393141,647.958542488564,-0.06756732902531512,375000.0004372457,373.1502576079438,0.46430256996488495,1.165182475572983e-06,86388.7168161741,1.367107795671833e-05
2806664.121962172,24630.241225934715,643.7668930544571,-0.06756732902531512,375000.0003350425,370.73438682739555,0.46429766434247144,9.026140104294136e-07,86772.43025594854,1.0602532260743138e-05
2812119.5232335115,24261.07236793802,639.6141288135874,-0.06756732902531512,375000.00025534333,368.3413533453885,0.46429381401488734,6.976664404965203e-07,87157.65165381189,8.20459410091702e-06
2817574.924504851,23891.903509941327,635.4999227620301,-0.06756732902531512,375000.000193356,365.9708734057127,0.46429079819826385,5.375915554485733e-07,87544.33028798802,6.3294535901616585e-06
2823030.3257761905,23522.734651944633,631.4239301690969,-0.06756732902531512,375000.00014531903,363.6226676174912,0.4642884272370891,4.124853706772962e-07,87932.41719796449,4.862161605757045e-06
2828485.7270475295,23153.56579394794,627.3857747085474,-0.06756732902531512,375000.000108278,361.29646087507575,0.4642865640632225,3.146485774521236e-07,88321.86590313826,3.7132653076206174e-06
2833941.128318869,22784.396935951245,623.3850665476215,-0.06756732902531512,375000.00007991085,358.9919822796765,0.464285098852593,2.3809181340006461e-07,88712.63164057503,2.8131061590480854e-06
2839396.5295902085,22415.22807795455,619.4214049698653,-0.06756732902531512,375000.00005839125,356.7089650626656,0.4642839458503149,1.7815275214111195e-07,89104.67128100253,2.1074025783536504e-06
2844851.930861548,22046.059219957857,615.4943824430596,-0.06756732902531512,375000.0000422817,354.4471465105194,0.4642830378727936,1.3119959596285745e-07,89497.94316169003,1.5538261514926428e-06
2850307.3321328876,21676.890361961163,611.6035875181921,-0.06756732902531512,375000.0000304501,352.2062678913519,0.4642823223564345,9.440134195017437e-08,89892.40696064159,1.1193463570671269e-06
2855762.733404227,21307.72150396447,607.7486071662584,-0.06756732902531512,375000.00002200424,349.9860743830002,0.4642817581016423,6.554967817577092e-08,90288.0235870903,7.781700500700276e-07
2861218.1346755666,20938.552645967775,603.9290284875874,-0.06756732902531512,375000.0000162403,347.7863150026226,0.4642813128484097,4.2920819904508894e-08,90684.75509452664,5.10141458552673e-07
2866673.535946906,20569.38378797108,600.1444401151564,-0.06756732902531512,375000.0000126029,345.606742537771,0.46428096122700646,2.516826017291416e-08,91082.56460259561,2.9949895606676e-07
2872128.937218245,20200.214929974387,596.3944331216421,-0.06756732902531512,375000.0000106534,343.44711347890444,0.4642806833996056,1.1239462492782696e-08,91481.41623948664,1.339084033886301e-07
2877584.3384895846,19831.046071977693,592.6786019112293,-0.06756732902531512,375000.0000100451,341.3071879533034,0.4642804636721153,3.1110689550629507e-10,91881.27508146255,3.711013928541343e-09
2883039.739760924,19461.877213981,588.9965446265296,-0.06756732902531512,375000.0000100394,339.18672966014606,0.4642802898164586,-8.26127559514048e-09,92282.10711514032,0.0
2888495.1410322636,19092.708355984305,585.3478628607647,-0.06756732902531512,375000.0000100394,337.0855058073851,0.46428015347073953,-1.4982505540684437e-08,92683.87923637366,0.0
2893950.542303603,18723.53949798761,581.7321719918483,-0.06756732902531512,375000.0000100394,335.00328704988124,0.46428003359999037,-2.0248288739105144e-08,93086.55865979612,0.0
2898235.2973991474,18433.58870802786,578.9152221039972,-0.06756731892207572,375000.0000083765,333.3810592719276,0.464279963615835,1.7087509622839982e-08,93403.4453224763,2.0475481979210354e-07
2902520.0524946917,18143.637918068107,576.1181939208608,-0.06756731892207572,375000.0000069853,331.7703076915666,0.46427990371368033,1.4214196539272248e-08,93720.85750260932,1.7048520735824035e-07
2906804.807590236,17853.687128108355,573.3408981285586,-0.06756731892207572,375000.0000058213,330.1709256347171,0.4642798606464333,1.1825921501706193e-08,94038.78084483191,1.419737862433267e-07
2911089.56268578,17563.736338148603,570.583161144033,-0.06756731892207572,375000.0000048472,328.58280754386504,0.4642798188506162,9.839998566404194e-09,94357.20048593999,1.1824334070257817e-07
2915374.317781325,17273.78554818885,567.8447985262967,-0.06756731892207572,375000.0000040319,327.0058490756664,0.4642797836620207,8.187976228814927e-09,94676.10256029926,9.848415073349858e-08
2919659.0728768692,16983.8347582291,565.1256316898066,-0.06756731892207572,375000.0000033496,325.4399470842973,0.46427975431453694,6.8131627344577694e-09,94995.47324551636,8.202499584407868e-08
2923943.8279724135,16693.883968269347,562.4254841211355,-0.06756731892207572,375000.00000277866,323.88499960506994,0.46427972999115424,5.668586560126166e-09,95315.29897024279,6.830923620847906e-08
2928228.583067958,16403.933178309595,559.744180673911,-0.06756731892207572,375000.00000230095,322.34090583831,0.4642797109462008,4.715313756356704e-09,95635.5664498351,5.68750620771369e-08
2932513.338163502,16113.982388349843,557.0815490532834,-0.06756731892207572,375000.00000190135,320.8075661334877,0.46427969601095603,3.921058984668831e-09,95956.2625923194,4.733917629693983e-08
2936798.0932590463,15824.031598390091,554.4374182218271,-0.06756731892207572,375000.00000156724,319.28488197360065,0.46427968518398954,3.2590392922426706e-09,96277.37458685531,3.9383316824077545e-08
2941082.848354591,15534.080808430339,551.811619261206,-0.06756731892207572,375000.000001288,317.7727559598037,0.46427967816446053,2.7070275272811358e-09,96598.88984668285,3.274311702138024e-08
2945367.6034501353,15244.130018470587,549.203996614724,-0.06756731892207572,375000.0000010549,316.27109179627877,0.4642796552924109,2.2465688703987595e-09,96920.79530845392,2.719887715906413e-08
2949652.3585456796,14954.179228510835,546.6143644088266,-0.06756731892207572,375000.0000008604,314.77979427534444,0.4642796512450777,1.8623357205851165e-09,97243.08011671765,2.256795899456507e-08
2953937.113641224,14664.228438551083,544.0425719545901,-0.06756731892207572,375000.0000006984,313.29876926279724,0.464279644487783,1.5415914776203197e-09,97565.73158848942,1.8698459112454593e-08
2958221.868736768,14374.277648591331,541.4884554266297,-0.06756731892207572,375000.0000005636,311.8279236834827,0.46427963875622724,1.273749096798744e-09,97888.73818052017,1.5463995109356338e-08
2962506.6238323124,14084.326858631579,538.9518550605063,-0.06756731892207572,375000.00000045175,310.3671655070919,0.4642796339863441,1.0500042239828011e-09,98212.08842481372,1.2759369105048914e-08
2966791.3789278567,13794.376068671827,536.432612951547,-0.06756731892207572,375000.00000035914,308.91640373417835,0.4642796299920489,8.63032286279458e-10,98535.7710589322,1.0496984080610492e-08
2971076.134023401,13504.425278712075,533.9305729363858,-0.06756731892207572,375000.0000002827,307.47554838239233,0.46427962662684336,7.067375392596106e-10,98859.77502807749,8.603872278439674e-09
2975360.8891189457,13214.474488752323,531.4455805499927,-0.06756731892207572,375000.0000002199,306.044510472929,0.4642796238187677,5.760443598920982e-10,99184.08948263056,7.019221399111809e-09
2979645.64421449,12924.523698792571,528.9774830728871,-0.06756731892207572,375000.00000016857,304.623202017185,0.4642796214486354,4.667256747498768e-10,99508.7037699185,5.692339593411684e-09
2983930.3993100342,12634.572908832819,526.5261294531571,-0.06756731892207572,375000.0000001269,303.2115360036227,0.46427961944625734,3.7525880369343607e-10,99833.60743416038,4.580943519161703e-09
2988215.1544055785,12344.622118873067,524.0913702906026,-0.06756731892207572,375000.00000009337,301.809426384834,0.464279617779912,2.9870760169145175e-10,100158.79021252698,3.6497579739171794e-09
2992499.909501123,12054.671328913315,521.6730578546474,-0.06756731892207572,375000.0000000667,300.41678806480644,0.4642796163860193,2.346235075177112e-10,100484.24202900399,2.8693387815542313e-09
2996784.664596667,11764.720538953563,519.271046034759,-0.06756731892207572,375000.0000000458,299.0335368863808,0.4642796152181259,1.809639259686957e-10,100809.95299279815,2.2151011652702338e-09
3001069.419692212,11474.769748993811,516.885190326322,-0.06756731892207572,375000.0000000298,297.6595896189037,0.4642796142341836,1.360243224954118e-10,101135.91339449755,1.666510607666245e-09
3005354.174787756,11184.818959034059,514.5153477976369,-0.06756731892207572,375000.00000001787,296.29486394606613,0.4642796134181087,9.838128931110562e-11,101462.11370359438,1.2064036669869244e-09
3009638.9298833003,10894.868169074307,512.1613771058364,-0.06756731892207572,375000.00000000943,294.93927845392966,0.4642796127138392,6.684634138022284e-11,101788.54456274663,8.20436649022562e-10
3013923.6849788446,10604.917379114555,509.82313840485466,-0.06756731892207572,375000.00000000396,293.59275261913234,0.46427961215474217,4.042635816637959e-11,102115.19678953364,4.966128052239621e-10
3018208.440074389,10314.966589154803,507.50049342501774,-0.06756731892207572,375000.00000000093,292.25520679727515,0.46427961168315257,1.829130698132153e-11,102442.06136647104,2.2489640002063623e-10
3022493.195169933,10025.015799195051,505.1933053752061,-0.06756731892207572,375000.0,290.9265622114838,0.4642796112916068,-2.5300043578377096e-13,102769.12944334271,0.0
3026777.9502654774,9735.065009235299,502.9014389532093,-0.06756731892207572,375000.0,289.6067409411418,0.46427961096875925,-1.5787016283990696e-11,103096.39233214965,0.0
3031062.7053610217,9445.114219275547,500.62476032655655,-0.06756731892207572,375000.0,288.2956659107962,0.46427961069911994,-2.87965824415696e-11,103423.84150416355,0.0
3035347.4604565664,9155.163429315795,498.3631371044362,-0.06756731892207572,375000.0,286.99326087922816,0.4642796104799231,-3.9688331803043844e-11,103751.46858769964,0.0
3039632.2155521107,8865.212639356043,496.11643876930503,-0.06756731892207572,375000.0,285.69945042868835,0.46427960947860736,-4.880280953311232e-11,104079.26533267253,0.0
3043916.970647655,8575.261849396291,493.88453434039735,-0.06756731892207572,375000.0,284.4141599542917,0.4642796103723147,-5.642532863063769e-11,104407.22377589253,0.0
3048201.7257431992,8285.311059436539,491.6672954076658,-0.06756731892207572,375000.0,283.13731565357426,0.4642796136631482,-6.279488698707316e-11,104735.3360186746,0.0
3052486.4808387435,7995.360269476787,489.4646043236009,-0.06756731892207572,375000.0,281.86884451620205,0.4642796020538993,-6.811194978471945e-11,105063.59361474606,0.0
3056771.235934288,7705.409479517034,487.2763185257883,-0.06756731892207572,375000.0,280.6086743138357,0.4642796080020308,-7.254467040965057e-11,105391.99019739637,0.0
3061055.991029832,7415.458689557281,485.10232450047084,-0.06756731892207572,375000.0,279.3567335901441,0.46427961151204705,-7.623393385123508e-11,105720.51749903284,0.0
3065340.746125377,7125.507899597529,482.942499396447,-0.06756731892207572,375000.0,278.1129516509666,0.4642796127255898,-7.929820006711903e-11,106049.16817291692,0.0
3069625.501220921,6835.557109637776,480.79672170401557,-0.06756731892207572,375000.0,276.87725855462145,0.4642796117200107,-8.183672149020459e-11,106377.9350052869,0.0
3073910.2563164653,6545.606319678023,478.6648711721376,-0.06756731892207572,375000.0,275.64958510235516,0.4642796086354158,-8.393300795717247e-11,106706.81091790789,0.0
3078195.0114120096,6255.65552971827,476.5468288683435,-0.06756731892207572,375000.0,274.4298628289353,0.46427960352747366,-8.565714056055805e-11,107035.7889599239,0.0
3082479.766507554,5965.7047397585175,474.4424667964978,-0.06756731892207572,375000.0,273.2180239933794,0.46427961665366835,-8.70681442966859e-11,107364.86310514495,0.0
3086764.521603098,5675.753949798765,472.35168826098334,-0.06756731892207572,375000.0,272.01400156982055,0.4642796095404063,-8.821540855396829e-11,107694.02513971631,0.0
3091049.2766986424,5385.803159839012,470.2743640768098,-0.06756731892207572,375000.0,270.81772923850735,0.46427960960268094,-8.914071528685921e-11,108023.26956940608,0.0
3095334.031794187,5095.852369879259,468.21038397850043,-0.06756731892207572,375000.0,269.6291413769343,0.4642796096222107,-8.987902876022156e-11,108352.58965676026,0.0
3099618.7868897314,4805.901579919506,466.159635169423,-0.06756731892207572,375000.0,268.44817305110166,0.46427960967589554,-9.045993606079946e-11,108681.97907134288,0.0
3103903.5419852757,4515.950789959753,464.1220060848196,-0.06756731892207572,375000.0,267.2747600069037,0.4642796097394766,-9.090816209279556e-11,109011.43159604073,0.0
3108188.29708082,4226.0,462.09738631390894,-0.06756731892207572,375000.0,266.10883866164033,0.4642796098122131,-9.124477381930869e-11,109340.94112991572,0.0
